Metric,Test_Score,CV_Mean,CV_Std
Accuracy,0.9794413407821229,0.9783207475432038,0.00146068643365717
Precision,0.9441340782122905,0.9383964413752146,0.008510224678660349
Recall,0.824390243902439,0.8169105691056912,0.015810029606415237
F1-Score,0.8802083333333334,0.8733460966177378,0.009489622595040707
ROC-AUC,0.9740011400114003,0.975838679049428,0.007189939254359655
